,AtomicNum,Degree,TotalNumHs,ImplicitValence,Hybridization,FormalCharge,IsInRing,IsAromatic,NumRadicalElectrons
0,0.059775590896606445,0.20999190211296082,0.2059810608625412,0.059775590896606445,0.11139628291130066,0.10029175877571106,0.11615756154060364,0.059775590896606445,0.07685469090938568
1,0.0628630742430687,0.2208382487297058,0.16496896743774414,0.0628630742430687,0.11715004593133926,0.10547195374965668,0.12215724587440491,0.0628630742430687,0.08082433044910431
2,0.059775590896606445,0.20999190211296082,0.2059810608625412,0.059775590896606445,0.11139628291130066,0.10029175877571106,0.11615756154060364,0.059775590896606445,0.07685469090938568
