,AtomicNum,Degree,TotalNumHs,ImplicitValence,Hybridization,FormalCharge,IsInRing,IsAromatic,NumRadicalElectrons
1,0.07812701165676117,0.1513446718454361,0.10944235324859619,0.07812701165676117,0.14572560787200928,0.1307705193758011,0.1278863251209259,0.07812701165676117,0.10044950246810913
2,0.07771369814872742,0.15406185388565063,0.10876448452472687,0.07771369814872742,0.14495544135570526,0.1288614273071289,0.13029760122299194,0.07771369814872742,0.09991809725761414
3,0.07931267470121384,0.14484184980392456,0.10547317564487457,0.07931267470121384,0.14793503284454346,0.13256995379924774,0.12926800549030304,0.07931267470121384,0.10197394341230392
