,AtomicNum,Degree,TotalNumHs,ImplicitValence,Hybridization,FormalCharge,IsInRing,IsAromatic,NumRadicalElectrons
1,0.21147757768630981,0.06779848039150238,0.1627613604068756,0.07954531162977219,0.1148320659995079,0.15468065440654755,0.06779848039150238,0.07330760359764099,0.06779848039150238
2,0.2077641636133194,0.06835837662220001,0.16336378455162048,0.0773203894495964,0.11609312146902084,0.1557769477367401,0.06835837662220001,0.0746065303683281,0.06835837662220001
3,0.20888729393482208,0.0688914805650711,0.1535240113735199,0.08132150024175644,0.11970478296279907,0.15603908896446228,0.0688914805650711,0.07384885847568512,0.0688914805650711
4,0.2040107101202011,0.06870364397764206,0.16137994825839996,0.08010218292474747,0.11816412955522537,0.15561360120773315,0.06870364397764206,0.07461848855018616,0.06870364397764206
5,0.2118377834558487,0.0676674172282219,0.15809452533721924,0.0804242193698883,0.11875908821821213,0.15475621819496155,0.0676674172282219,0.0731259435415268,0.0676674172282219
